access,1
accession,1
accretion,1
accrual,1
accrue,1
accumulate,1
accumulation,1
acquire,1
add,1
add to,1
addition,1
advance,1
agglomerate,1
agglomeration,1
aggrandize,1
aggrandizement,1
aggravate,1
aggregate,1
aggregation,1
aid,1
allow,1
amalgamate,1
amass,1
amassing,1
amassment,1
amplify,1
annex,1
assemble,1
assist,1
augment,1
augmentation,1
boost,1
breakthrough,1
bring together,1
broaden,1
build up,1
build,1
build-up,1
buildup,1
burgeoning,1
cache,1
chunk,1
clean up,1
collect,1
collecting,1
collection,1
collocate,1
compile,1
compliment,1
concentrate,1
conglomeration,1
cumulate,1
cumulation,1
deepen,1
develop,1
development,1
dilate,1
distend,1
double,1
draw together,1
elaboration,1
enable,1
encourage,1
enhance,1
enlarge,1
enlargement,1
escalate,1
escalation,1
exaggerate,1
exaggeration,1
expand,1
expansion,1
extend,1
extension,1
fail,1
fix,1
flow,1
further,1
gain,1
gather,1
gob,1
grow,1
growth,1
heap together,1
heap,1
heighten,1
help,1
hike,1
hoard,1
hoarding,1
honor,1
hunk,1
improve,1
incorporate,1
incorporation,1
increase,1
increment,1
inflate,1
inflation,1
intensification,1
intensify,1
invigorate,1
laud,1
lengthen,1
load up,1
lose,1
lump,1
magnify,1
make a bundle,1
make a killing,1
mark up,1
mass,1
maximization,1
mend,1
merger,1
mount,1
multiplication,1
multiply,1
optimization,1
pad,1
pile up,1
pile,1
praise,1
procure,1
profit,1
progress,1
proliferate,1
prolong,1
promote,1
protract,1
pullulate,1
quantity,1
rack up,1
raise,1
redouble,1
reinforce,1
release,1
rise,1
roll up,1
round up,1
scare up,1
sharpen,1
slap on,1
snowball,1
spread,1
stack up,1
stack,1
step up,1
step-up,1
stock,1
stockpile,1
store up,1
store,1
strengthen,1
stretch,1
supplement,1
surge,1
surrender,1
swarm,1
swell,1
swelling,1
tack on,1
teem,1
thicken,1
triple,1
trove,1
unite,1
up,1
upgrade,1
upping,1
upsurge,1
upturn,1
wax,1
waxing,1
widen,1
win,1
yield,1
